Question,Option A,Option B,Option C,Option D,Correct Answer,,,,,,,,,
What is the purpose of Express middleware?,To define routes,To handle requests and responses,To manage database connections,To create static files,To handle requests and responses,,,,,,,,,
What is the syntax for defining a middleware function in Express?,app.middleware(() => {}),app.use(() => {}),app.route(() => {}),app.static(() => {}),app.use(() => {}),,,,,,,,,
What is the purpose of `next()` in a middleware function?,To send a response,To pass control to the next middleware function,To define a route,To handle errors,To pass control to the next middleware function,,,,,,,,,
What is the purpose of Express Router?,To define multiple routes in a separate module,To handle static files,To manage database connections,To handle errors,To define multiple routes in a separate module,,,,,,,,,
What is the syntax for creating an Express Router?,const router = express.Router(),const router = new express.Router(),const router = express.route(),const router = express.createRouter(),const router = express.Router(),,,,,,,,,
What is the purpose of `router.use()`?,To define middleware specific to the router,To define a route,To handle static files,To manage database connections,To define middleware specific to the router,,,,,,,,,
What is the purpose of `router.get()`?,To define a GET route,To define a POST route,To define middleware,To handle static files,To define a GET route,,,,,,,,,
What is the purpose of `router.post()`?,To define a POST route,To define a GET route,To define middleware,To handle static files,To define a POST route,,,,,,,,,
What is the purpose of `router.put()`?,To define a PUT route,To define a DELETE route,To define middleware,To handle static files,To define a PUT route,,,,,,,,,
What is the purpose of `router.delete()`?,To define a DELETE route,To define a PUT route,To define middleware,To handle static files,To define a DELETE route,,,,,,,,,
What is the purpose of `router.route()`?,To chain multiple route handlers for a single path,To define a single route,To define middleware,To handle static files,To chain multiple route handlers for a single path,,,,,,,,,
What is the purpose of `app.param()`?,To handle route parameters,To define middleware,To define a route,To handle static files,To handle route parameters,,,,,,,,,
What is the purpose of `app.all()`?,To handle all HTTP methods for a specific path,To handle only GET requests,To handle only POST requests,To handle static files,To handle all HTTP methods for a specific path,,,,,,,,,
What is the purpose of `app.use(express.static())`?,To serve static files,To define routes,To handle middleware,To manage database connections,To serve static files,,,,,,,,,
What is the purpose of `app.use(express.json())`?,To parse JSON request bodies,To parse URL-encoded request bodies,To serve static files,To handle errors,To parse JSON request bodies,,,,,,,,,
What is the purpose of `app.use(express.urlencoded())`?,To parse URL-encoded request bodies,To parse JSON request bodies,To serve static files,To handle errors,To parse URL-encoded request bodies,,,,,,,,,
What is the purpose of `app.use(cookieParser())`?,To parse cookies,To parse JSON request bodies,To parse URL-encoded request bodies,To serve static files,To parse cookies,,,,,,,,,
What is the purpose of `app.use(session())`?,To manage user sessions,To parse cookies,To parse JSON request bodies,To serve static files,To manage user sessions,,,,,,,,,
What is the purpose of `app.use(cors())`?,To enable Cross-Origin Resource Sharing,To manage user sessions,To parse cookies,To serve static files,To enable Cross-Origin Resource Sharing,,,,,,,,,
What is the purpose of Express error handling middleware?,To handle errors in the request-response cycle,To define routes,To serve static files,To manage database connections,To handle errors in the request-response cycle,,,,,,,,,
What is the syntax for defining an error handling middleware?,app.use((err, req, res, next) => {}),app.error((err, req, res, next) => {}),app.handleError((err, req, res, next) => {}),app.catch((err, req
What is the purpose of `res.status()`?,To set the HTTP status code,To send a response,To define a route,To handle errors,To set the HTTP status code,,,,,,,,,
What is the purpose of `res.send()`?,To send a response with any data type,To send a JSON response,To set the HTTP status code,To handle errors,To send a response with any data type,,,,,,,,,
What is the purpose of `res.json()`?,To send a JSON response,To send a plain text response,To set the HTTP status code,To handle errors,To send a JSON response,,,,,,,,,
What is the purpose of `res.sendFile()`?,To send a file as a response,To send a JSON response,To set the HTTP status code,To handle errors,To send a file as a response,,,,,,,,,
What is the purpose of `res.redirect()`?,To redirect the client to a different URL,To send a file,To send a JSON response,To set the HTTP status code,To redirect the client to a different URL,,,,,,,,,
What is the purpose of `res.render()`?,To render a view template,To send a file,To send a JSON response,To set the HTTP status code,To render a view template,,,,,,,,,
What is the purpose of Express View Engines?,To render dynamic HTML content,To send static files,To handle routes,To manage database connections,To render dynamic HTML content,,,,,,,,,
What are common Express View Engines?,Pug, EJS, Handlebars, All of the above,All of the above,,,,,,,,,
What is the syntax for setting the view engine in Express?,app.set('view engine', 'pug'),app.viewEngine('pug'),app.templateEngine('pug'),app.useViewEngine('pug'),app.set('view engine', 'pug'),,,,,,,
What is the purpose of Express Sessions?,To store user data across multiple requests,To send static files,To handle routes,To manage database connections,To store user data across multiple requests,,,,,,,,,
What are common session storage options?,MemoryStore, CookieStore, RedisStore, All of the above,All of the above,,,,,,,,,
What is the purpose of Express Cookie Parser?,To parse and set cookies,To manage user sessions,To send static files,To handle routes,To parse and set cookies,,,,,,,,,
What is the purpose of Express CORS middleware?,To enable cross-origin requests,To parse cookies,To manage user sessions,To send static files,To enable cross-origin requests,,,,,,,,,
What is the purpose of Express Rate Limiter?,To limit the number of requests from a client,To enable CORS,To parse cookies,To manage user sessions,To limit the number of requests from a client,,,,,,,,,
What is the purpose of Express Helmet?,To set security-related HTTP headers,To limit request rates,To enable CORS,To parse cookies,To set security-related HTTP headers,,,,,,,,,
What is the purpose of Express Morgan?,To log HTTP requests,To set security headers,To limit request rates,To enable CORS,To log HTTP requests,,,,,,,,,
What is the purpose of Express Multer?,To handle file uploads,To log HTTP requests,To set security headers,To limit request rates,To handle file uploads,,,,,,,,,
What is the purpose of Express Validation?,To validate request data,To handle file uploads,To log HTTP requests,To set security headers,To validate request data,,,,,,,,,
What is the purpose of Express JWT (JSON Web Tokens)?,To implement authentication and authorization,To validate request data,To handle file uploads,To log HTTP requests,To implement authentication and authorization,,,,,,,,,
What is the purpose of Express Passport?,To implement authentication strategies,To implement JWT,To validate request data,To handle file uploads,To implement authentication strategies,,,,,,,,,
What is the purpose of Express GraphQL middleware?,To create GraphQL APIs,To implement Passport,To implement JWT,To validate request data,To create GraphQL APIs,,,,,,,,,
What is the purpose of Express WebSocket integration?,To create real-time applications,To create GraphQL APIs,To implement Passport,To implement JWT,To create real-time applications,,,,,,,,,
What is the purpose of Express Server-Sent Events (SSE)?,To push updates to the client,To create WebSocket applications,To create GraphQL APIs,To implement Passport,To push updates to the client,,,,,,,,,
What is the purpose of Express Web Workers integration?,To perform background tasks,To use Server-Sent Events,To create WebSocket applications,To create GraphQL APIs,To perform background tasks,,,,,,,,,
What is the purpose of Express Cluster module?,To create multi-process applications,To use Web Workers,To use Server-Sent Events,To create WebSocket applications,To create multi-process applications,,,,,,,,,
What is the purpose of Express PM2 integration?,To manage and monitor production applications,To use Cluster module,To use Web Workers,To use Server-Sent Events,To manage and monitor production applications,,,,,,,,,
What is the purpose of Express Nodemon?,To automatically restart the server on file changes,To manage production applications,To use Cluster module,To use Web Workers,To automatically restart the server on file changes,,,,,,,,,
What is the purpose of Express environment variables?,To configure application settings,To use Nodemon,To manage production applications,To use Cluster module,To configure application settings,,,,,,,,,
What is the purpose of `process.env` in Node.js/Express?,To access environment variables,To define routes,To handle middleware,To serve static files,To access environment variables,,,,,,,,,
What is the purpose of Express configuration files?,To organize application settings,To access environment variables,To define routes,To handle middleware,To organize application settings,,,,,,,,,
What is the purpose of Express logging libraries (e.g., Winston, Pino)?,To record application events,To use configuration files,To access environment variables,To define routes,To record application events,,,,,,,
What is the purpose of Express testing libraries (e.g., Jest, Mocha, Supertest)?,To write and run tests,To record application events,To use configuration files,To access environment variables,To write and run tests,,,,,,
What is the purpose of Express Swagger/OpenAPI integration?,To generate API documentation,To write tests,To record application events,To use configuration files,To generate API documentation,,,,,,,,,
What is the purpose of Express Security Best Practices?,To protect against common web vulnerabilities,To generate API documentation,To write tests,To record application events,To protect against common web vulnerabilities,,,,,,,,,
What are common Express security practices?,Input validation, output encoding, HTTPS, rate limiting, All of the above,All of the above,,,,,,,,
What is the purpose of Express performance optimization?,To improve application speed and efficiency,To implement security practices,To generate API documentation,To write tests,To improve application speed and efficiency,,,,,,,,,
What are common Express performance optimization techniques?,Caching, compression, load balancing, code optimization, All of the above,All of the above,,,,,,,,
What is the purpose of Express deployment strategies?,To deploy applications to production environments,To optimize performance,To implement security,To generate API documentation,To deploy applications to production environments,,,,,,,,,
What are common Express deployment environments?,AWS, Heroku, Docker, Kubernetes, All of the above,All of the above,,,,,,,,
What is the purpose of Express containerization (e.g., Docker)?,To package applications with their dependencies,To deploy applications,To optimize performance,To implement security,To package applications with their dependencies,,,,,,,,
What is the purpose of Express orchestration (e.g., Kubernetes)?,To manage containerized applications,To containerize applications,To deploy applications,To optimize performance,To manage containerized applications,,,,,,,,
What is the purpose of Express CI/CD pipelines?,To automate the software delivery process,To orchestrate containers,To containerize applications,To deploy applications,To automate the software delivery process,,,,,,,,,
What is the purpose of Express monitoring tools (e.g., Prometheus, Grafana)?,To track application performance and health,To automate deployments,To orchestrate containers,To containerize applications,To track application performance and health,,,,,,,
What is the purpose of Express distributed tracing (e.g., Jaeger, Zipkin)?,To trace requests across microservices,To monitor applications,To automate deployments,To orchestrate containers,To trace requests across microservices,,,,,,,
What is the purpose of Express API versioning?,To manage changes to the API over time,To trace requests,To monitor applications,To automate deployments,To manage changes to the API over time,,,,,,,,,
What are common Express API versioning strategies?,URL versioning, header versioning, content negotiation, All of the above,All of the above,,,,,,,,,
What is the purpose of Express API documentation tools (e.g., Swagger, Postman)?,To provide documentation for API consumers,To manage API versions,To trace requests,To monitor applications,To provide documentation for API consumers,,,,,,,
What is the purpose of Express API testing tools (e.g., Postman, Insomnia)?,To test API endpoints,To document APIs,To manage API versions,To trace requests,To test API endpoints,,,,,,,
What is the purpose of Express API security testing tools (e.g., OWASP ZAP, Burp Suite)?,To identify security vulnerabilities in APIs,To test API endpoints,To document APIs,To manage API versions,To identify security vulnerabilities in APIs,,,,,,,
